file,window,raw_bytes,feature_bytes,payload_reduction_percent,prediction,actual
100.mat,1,8000,32,99.6,Normal,Normal
100.mat,2,8000,32,99.6,Normal,Normal
100.mat,3,8000,32,99.6,Normal,Normal
100.mat,4,8000,32,99.6,Normal,Normal
100.mat,5,8000,32,99.6,Normal,Normal
100.mat,6,8000,32,99.6,Normal,Normal
100.mat,7,8000,32,99.6,Normal,Normal
100.mat,8,8000,32,99.6,Normal,Normal
100.mat,9,8000,32,99.6,Normal,Normal
100.mat,10,8000,32,99.6,Normal,Normal
100.mat,11,8000,32,99.6,Normal,Normal
100.mat,12,8000,32,99.6,Normal,Normal
100.mat,13,8000,32,99.6,Normal,Normal
100.mat,14,8000,32,99.6,Normal,Normal
100.mat,15,8000,32,99.6,Normal,Normal
100.mat,16,8000,32,99.6,Normal,Normal
100.mat,17,8000,32,99.6,Normal,Normal
100.mat,18,8000,32,99.6,Normal,Normal
100.mat,19,8000,32,99.6,Normal,Normal
100.mat,20,8000,32,99.6,Normal,Normal
100.mat,21,8000,32,99.6,Normal,Normal
100.mat,22,8000,32,99.6,Normal,Normal
100.mat,23,8000,32,99.6,Normal,Normal
100.mat,24,8000,32,99.6,Normal,Normal
100.mat,25,8000,32,99.6,Normal,Normal
100.mat,26,8000,32,99.6,Normal,Normal
100.mat,27,8000,32,99.6,Normal,Normal
100.mat,28,8000,32,99.6,Normal,Normal
100.mat,29,8000,32,99.6,Normal,Normal
100.mat,30,8000,32,99.6,Normal,Normal
100.mat,31,8000,32,99.6,Normal,Normal
100.mat,32,8000,32,99.6,Normal,Normal
100.mat,33,8000,32,99.6,Normal,Normal
100.mat,34,8000,32,99.6,Normal,Normal
100.mat,35,8000,32,99.6,Normal,Normal
100.mat,36,8000,32,99.6,Normal,Normal
100.mat,37,8000,32,99.6,Normal,Normal
100.mat,38,8000,32,99.6,Normal,Normal
100.mat,39,8000,32,99.6,Normal,Normal
100.mat,40,8000,32,99.6,Normal,Normal
100.mat,41,8000,32,99.6,Normal,Normal
100.mat,42,8000,32,99.6,Normal,Normal
100.mat,43,8000,32,99.6,Normal,Normal
100.mat,44,8000,32,99.6,Normal,Normal
100.mat,45,8000,32,99.6,Normal,Normal
100.mat,46,8000,32,99.6,Normal,Normal
100.mat,47,8000,32,99.6,Normal,Normal
100.mat,48,8000,32,99.6,Normal,Normal
100.mat,49,8000,32,99.6,Normal,Normal
100.mat,50,8000,32,99.6,Normal,Normal
100.mat,51,8000,32,99.6,Normal,Normal
100.mat,52,8000,32,99.6,Normal,Normal
100.mat,53,8000,32,99.6,Normal,Normal
100.mat,54,8000,32,99.6,Normal,Normal
100.mat,55,8000,32,99.6,Normal,Normal
100.mat,56,8000,32,99.6,Normal,Normal
100.mat,57,8000,32,99.6,Normal,Normal
100.mat,58,8000,32,99.6,Normal,Normal
100.mat,59,8000,32,99.6,Normal,Normal
100.mat,60,8000,32,99.6,Normal,Normal
100.mat,61,8000,32,99.6,Normal,Normal
100.mat,62,8000,32,99.6,Normal,Normal
100.mat,63,8000,32,99.6,Normal,Normal
100.mat,64,8000,32,99.6,Normal,Normal
100.mat,65,8000,32,99.6,Normal,Normal
100.mat,66,8000,32,99.6,Normal,Normal
100.mat,67,8000,32,99.6,Normal,Normal
100.mat,68,8000,32,99.6,Normal,Normal
100.mat,69,8000,32,99.6,Normal,Normal
100.mat,70,8000,32,99.6,Normal,Normal
100.mat,71,8000,32,99.6,Normal,Normal
100.mat,72,8000,32,99.6,Normal,Normal
100.mat,73,8000,32,99.6,Normal,Normal
100.mat,74,8000,32,99.6,Normal,Normal
100.mat,75,8000,32,99.6,Normal,Normal
100.mat,76,8000,32,99.6,Normal,Normal
100.mat,77,8000,32,99.6,Normal,Normal
100.mat,78,8000,32,99.6,Normal,Normal
100.mat,79,8000,32,99.6,Normal,Normal
100.mat,80,8000,32,99.6,Normal,Normal
100.mat,81,8000,32,99.6,Normal,Normal
100.mat,82,8000,32,99.6,Normal,Normal
100.mat,83,8000,32,99.6,Normal,Normal
100.mat,84,8000,32,99.6,Normal,Normal
100.mat,85,8000,32,99.6,Normal,Normal
100.mat,86,8000,32,99.6,Normal,Normal
100.mat,87,8000,32,99.6,Normal,Normal
100.mat,88,8000,32,99.6,Normal,Normal
100.mat,89,8000,32,99.6,Normal,Normal
100.mat,90,8000,32,99.6,Normal,Normal
100.mat,91,8000,32,99.6,Normal,Normal
100.mat,92,8000,32,99.6,Normal,Normal
100.mat,93,8000,32,99.6,Normal,Normal
100.mat,94,8000,32,99.6,Normal,Normal
100.mat,95,8000,32,99.6,Normal,Normal
100.mat,96,8000,32,99.6,Normal,Normal
100.mat,97,8000,32,99.6,Normal,Normal
100.mat,98,8000,32,99.6,Normal,Normal
100.mat,99,8000,32,99.6,Normal,Normal
100.mat,100,8000,32,99.6,Normal,Normal
100.mat,101,8000,32,99.6,Normal,Normal
100.mat,102,8000,32,99.6,Normal,Normal
100.mat,103,8000,32,99.6,Normal,Normal
100.mat,104,8000,32,99.6,Normal,Normal
100.mat,105,8000,32,99.6,Normal,Normal
100.mat,106,8000,32,99.6,Normal,Normal
100.mat,107,8000,32,99.6,Normal,Normal
100.mat,108,8000,32,99.6,Normal,Normal
100.mat,109,8000,32,99.6,Normal,Normal
100.mat,110,8000,32,99.6,Normal,Normal
100.mat,111,8000,32,99.6,Normal,Normal
100.mat,112,8000,32,99.6,Normal,Normal
100.mat,113,8000,32,99.6,Normal,Normal
100.mat,114,8000,32,99.6,Normal,Normal
100.mat,115,8000,32,99.6,Normal,Normal
100.mat,116,8000,32,99.6,Normal,Normal
100.mat,117,8000,32,99.6,Normal,Normal
100.mat,118,8000,32,99.6,Normal,Normal
100.mat,119,8000,32,99.6,Normal,Normal
100.mat,120,8000,32,99.6,Normal,Normal
100.mat,121,8000,32,99.6,Normal,Normal
100.mat,122,8000,32,99.6,Normal,Normal
100.mat,123,8000,32,99.6,Normal,Normal
100.mat,124,8000,32,99.6,Normal,Normal
100.mat,125,8000,32,99.6,Normal,Normal
100.mat,126,8000,32,99.6,Normal,Normal
100.mat,127,8000,32,99.6,Normal,Normal
100.mat,128,8000,32,99.6,Normal,Normal
100.mat,129,8000,32,99.6,Normal,Normal
100.mat,130,8000,32,99.6,Normal,Normal
100.mat,131,8000,32,99.6,Normal,Normal
100.mat,132,8000,32,99.6,Normal,Normal
100.mat,133,8000,32,99.6,Normal,Normal
100.mat,134,8000,32,99.6,Normal,Normal
100.mat,135,8000,32,99.6,Normal,Normal
100.mat,136,8000,32,99.6,Normal,Normal
100.mat,137,8000,32,99.6,Normal,Normal
100.mat,138,8000,32,99.6,Normal,Normal
100.mat,139,8000,32,99.6,Normal,Normal
100.mat,140,8000,32,99.6,Normal,Normal
100.mat,141,8000,32,99.6,Normal,Normal
100.mat,142,8000,32,99.6,Normal,Normal
100.mat,143,8000,32,99.6,Normal,Normal
100.mat,144,8000,32,99.6,Normal,Normal
100.mat,145,8000,32,99.6,Normal,Normal
100.mat,146,8000,32,99.6,Normal,Normal
100.mat,147,8000,32,99.6,Normal,Normal
100.mat,148,8000,32,99.6,Normal,Normal
100.mat,149,8000,32,99.6,Normal,Normal
100.mat,150,8000,32,99.6,Normal,Normal
100.mat,151,8000,32,99.6,Normal,Normal
100.mat,152,8000,32,99.6,Normal,Normal
100.mat,153,8000,32,99.6,Normal,Normal
100.mat,154,8000,32,99.6,Normal,Normal
100.mat,155,8000,32,99.6,Normal,Normal
100.mat,156,8000,32,99.6,Normal,Normal
100.mat,157,8000,32,99.6,Normal,Normal
100.mat,158,8000,32,99.6,Normal,Normal
100.mat,159,8000,32,99.6,Normal,Normal
100.mat,160,8000,32,99.6,Normal,Normal
100.mat,161,8000,32,99.6,Normal,Normal
100.mat,162,8000,32,99.6,Normal,Normal
100.mat,163,8000,32,99.6,Normal,Normal
100.mat,164,8000,32,99.6,Normal,Normal
100.mat,165,8000,32,99.6,Normal,Normal
100.mat,166,8000,32,99.6,Normal,Normal
100.mat,167,8000,32,99.6,Normal,Normal
100.mat,168,8000,32,99.6,Normal,Normal
100.mat,169,8000,32,99.6,Normal,Normal
100.mat,170,8000,32,99.6,Normal,Normal
100.mat,171,8000,32,99.6,Normal,Normal
100.mat,172,8000,32,99.6,Normal,Normal
100.mat,173,8000,32,99.6,Normal,Normal
100.mat,174,8000,32,99.6,Normal,Normal
100.mat,175,8000,32,99.6,Normal,Normal
100.mat,176,8000,32,99.6,Normal,Normal
100.mat,177,8000,32,99.6,Normal,Normal
100.mat,178,8000,32,99.6,Normal,Normal
100.mat,179,8000,32,99.6,Normal,Normal
100.mat,180,8000,32,99.6,Normal,Normal
100.mat,181,8000,32,99.6,Normal,Normal
100.mat,182,8000,32,99.6,Normal,Normal
100.mat,183,8000,32,99.6,Normal,Normal
100.mat,184,8000,32,99.6,Normal,Normal
100.mat,185,8000,32,99.6,Normal,Normal
100.mat,186,8000,32,99.6,Normal,Normal
100.mat,187,8000,32,99.6,Normal,Normal
100.mat,188,8000,32,99.6,Normal,Normal
100.mat,189,8000,32,99.6,Normal,Normal
100.mat,190,8000,32,99.6,Normal,Normal
100.mat,191,8000,32,99.6,Normal,Normal
100.mat,192,8000,32,99.6,Normal,Normal
100.mat,193,8000,32,99.6,Normal,Normal
100.mat,194,8000,32,99.6,Normal,Normal
100.mat,195,8000,32,99.6,Normal,Normal
100.mat,196,8000,32,99.6,Normal,Normal
100.mat,197,8000,32,99.6,Normal,Normal
100.mat,198,8000,32,99.6,Normal,Normal
100.mat,199,8000,32,99.6,Normal,Normal
100.mat,200,8000,32,99.6,Normal,Normal
100.mat,201,8000,32,99.6,Normal,Normal
100.mat,202,8000,32,99.6,Normal,Normal
100.mat,203,8000,32,99.6,Normal,Normal
100.mat,204,8000,32,99.6,Normal,Normal
100.mat,205,8000,32,99.6,Normal,Normal
100.mat,206,8000,32,99.6,Normal,Normal
100.mat,207,8000,32,99.6,Normal,Normal
100.mat,208,8000,32,99.6,Normal,Normal
100.mat,209,8000,32,99.6,Normal,Normal
100.mat,210,8000,32,99.6,Normal,Normal
100.mat,211,8000,32,99.6,Normal,Normal
100.mat,212,8000,32,99.6,Normal,Normal
100.mat,213,8000,32,99.6,Normal,Normal
100.mat,214,8000,32,99.6,Normal,Normal
100.mat,215,8000,32,99.6,Normal,Normal
100.mat,216,8000,32,99.6,Normal,Normal
100.mat,217,8000,32,99.6,Normal,Normal
100.mat,218,8000,32,99.6,Normal,Normal
100.mat,219,8000,32,99.6,Normal,Normal
100.mat,220,8000,32,99.6,Normal,Normal
100.mat,221,8000,32,99.6,Normal,Normal
100.mat,222,8000,32,99.6,Normal,Normal
100.mat,223,8000,32,99.6,Normal,Normal
100.mat,224,8000,32,99.6,Normal,Normal
100.mat,225,8000,32,99.6,Normal,Normal
100.mat,226,8000,32,99.6,Normal,Normal
100.mat,227,8000,32,99.6,Normal,Normal
100.mat,228,8000,32,99.6,Normal,Normal
100.mat,229,8000,32,99.6,Normal,Normal
100.mat,230,8000,32,99.6,Normal,Normal
100.mat,231,8000,32,99.6,Normal,Normal
100.mat,232,8000,32,99.6,Normal,Normal
100.mat,233,8000,32,99.6,Normal,Normal
100.mat,234,8000,32,99.6,Normal,Normal
100.mat,235,8000,32,99.6,Normal,Normal
100.mat,236,8000,32,99.6,Normal,Normal
100.mat,237,8000,32,99.6,Normal,Normal
100.mat,238,8000,32,99.6,Normal,Normal
100.mat,239,8000,32,99.6,Normal,Normal
100.mat,240,8000,32,99.6,Normal,Normal
100.mat,241,8000,32,99.6,Normal,Normal
100.mat,242,8000,32,99.6,Normal,Normal
100.mat,243,8000,32,99.6,Normal,Normal
100.mat,244,8000,32,99.6,Normal,Normal
100.mat,245,8000,32,99.6,Normal,Normal
100.mat,246,8000,32,99.6,Normal,Normal
100.mat,247,8000,32,99.6,Normal,Normal
100.mat,248,8000,32,99.6,Normal,Normal
100.mat,249,8000,32,99.6,Normal,Normal
100.mat,250,8000,32,99.6,Normal,Normal
100.mat,251,8000,32,99.6,Normal,Normal
100.mat,252,8000,32,99.6,Normal,Normal
100.mat,253,8000,32,99.6,Normal,Normal
100.mat,254,8000,32,99.6,Normal,Normal
100.mat,255,8000,32,99.6,Normal,Normal
100.mat,256,8000,32,99.6,Normal,Normal
100.mat,257,8000,32,99.6,Normal,Normal
100.mat,258,8000,32,99.6,Normal,Normal
100.mat,259,8000,32,99.6,Normal,Normal
100.mat,260,8000,32,99.6,Normal,Normal
100.mat,261,8000,32,99.6,Normal,Normal
100.mat,262,8000,32,99.6,Normal,Normal
100.mat,263,8000,32,99.6,Normal,Normal
100.mat,264,8000,32,99.6,Normal,Normal
100.mat,265,8000,32,99.6,Normal,Normal
100.mat,266,8000,32,99.6,Normal,Normal
100.mat,267,8000,32,99.6,Normal,Normal
100.mat,268,8000,32,99.6,Normal,Normal
100.mat,269,8000,32,99.6,Normal,Normal
100.mat,270,8000,32,99.6,Normal,Normal
100.mat,271,8000,32,99.6,Normal,Normal
100.mat,272,8000,32,99.6,Normal,Normal
100.mat,273,8000,32,99.6,Normal,Normal
100.mat,274,8000,32,99.6,Normal,Normal
100.mat,275,8000,32,99.6,Normal,Normal
100.mat,276,8000,32,99.6,Normal,Normal
100.mat,277,8000,32,99.6,Normal,Normal
100.mat,278,8000,32,99.6,Normal,Normal
100.mat,279,8000,32,99.6,Normal,Normal
100.mat,280,8000,32,99.6,Normal,Normal
100.mat,281,8000,32,99.6,Normal,Normal
100.mat,282,8000,32,99.6,Normal,Normal
100.mat,283,8000,32,99.6,Normal,Normal
100.mat,284,8000,32,99.6,Normal,Normal
100.mat,285,8000,32,99.6,Normal,Normal
100.mat,286,8000,32,99.6,Normal,Normal
100.mat,287,8000,32,99.6,Normal,Normal
100.mat,288,8000,32,99.6,Normal,Normal
100.mat,289,8000,32,99.6,Normal,Normal
100.mat,290,8000,32,99.6,Normal,Normal
100.mat,291,8000,32,99.6,Normal,Normal
100.mat,292,8000,32,99.6,Normal,Normal
100.mat,293,8000,32,99.6,Normal,Normal
100.mat,294,8000,32,99.6,Normal,Normal
100.mat,295,8000,32,99.6,Normal,Normal
100.mat,296,8000,32,99.6,Normal,Normal
100.mat,297,8000,32,99.6,Normal,Normal
100.mat,298,8000,32,99.6,Normal,Normal
100.mat,299,8000,32,99.6,Normal,Normal
100.mat,300,8000,32,99.6,Normal,Normal
100.mat,301,8000,32,99.6,Normal,Normal
100.mat,302,8000,32,99.6,Normal,Normal
100.mat,303,8000,32,99.6,Normal,Normal
100.mat,304,8000,32,99.6,Normal,Normal
100.mat,305,8000,32,99.6,Normal,Normal
100.mat,306,8000,32,99.6,Normal,Normal
100.mat,307,8000,32,99.6,Normal,Normal
100.mat,308,8000,32,99.6,Normal,Normal
100.mat,309,8000,32,99.6,Normal,Normal
100.mat,310,8000,32,99.6,Normal,Normal
100.mat,311,8000,32,99.6,Normal,Normal
100.mat,312,8000,32,99.6,Normal,Normal
100.mat,313,8000,32,99.6,Normal,Normal
100.mat,314,8000,32,99.6,Normal,Normal
100.mat,315,8000,32,99.6,Normal,Normal
100.mat,316,8000,32,99.6,Normal,Normal
100.mat,317,8000,32,99.6,Normal,Normal
100.mat,318,8000,32,99.6,Normal,Normal
100.mat,319,8000,32,99.6,Normal,Normal
100.mat,320,8000,32,99.6,Normal,Normal
100.mat,321,8000,32,99.6,Normal,Normal
100.mat,322,8000,32,99.6,Normal,Normal
100.mat,323,8000,32,99.6,Normal,Normal
100.mat,324,8000,32,99.6,Normal,Normal
100.mat,325,8000,32,99.6,Normal,Normal
100.mat,326,8000,32,99.6,Normal,Normal
100.mat,327,8000,32,99.6,Normal,Normal
100.mat,328,8000,32,99.6,Normal,Normal
100.mat,329,8000,32,99.6,Normal,Normal
100.mat,330,8000,32,99.6,Normal,Normal
100.mat,331,8000,32,99.6,Normal,Normal
100.mat,332,8000,32,99.6,Normal,Normal
100.mat,333,8000,32,99.6,Normal,Normal
100.mat,334,8000,32,99.6,Normal,Normal
100.mat,335,8000,32,99.6,Normal,Normal
100.mat,336,8000,32,99.6,Normal,Normal
100.mat,337,8000,32,99.6,Normal,Normal
100.mat,338,8000,32,99.6,Normal,Normal
100.mat,339,8000,32,99.6,Normal,Normal
100.mat,340,8000,32,99.6,Normal,Normal
100.mat,341,8000,32,99.6,Normal,Normal
100.mat,342,8000,32,99.6,Normal,Normal
100.mat,343,8000,32,99.6,Normal,Normal
100.mat,344,8000,32,99.6,Normal,Normal
100.mat,345,8000,32,99.6,Normal,Normal
100.mat,346,8000,32,99.6,Normal,Normal
100.mat,347,8000,32,99.6,Normal,Normal
100.mat,348,8000,32,99.6,Normal,Normal
100.mat,349,8000,32,99.6,Normal,Normal
100.mat,350,8000,32,99.6,Normal,Normal
100.mat,351,8000,32,99.6,Normal,Normal
100.mat,352,8000,32,99.6,Normal,Normal
100.mat,353,8000,32,99.6,Normal,Normal
100.mat,354,8000,32,99.6,Normal,Normal
100.mat,355,8000,32,99.6,Normal,Normal
100.mat,356,8000,32,99.6,Normal,Normal
100.mat,357,8000,32,99.6,Normal,Normal
100.mat,358,8000,32,99.6,Normal,Normal
100.mat,359,8000,32,99.6,Normal,Normal
100.mat,360,8000,32,99.6,Normal,Normal
100.mat,361,8000,32,99.6,Normal,Normal
100.mat,362,8000,32,99.6,Normal,Normal
100.mat,363,8000,32,99.6,Normal,Normal
100.mat,364,8000,32,99.6,Normal,Normal
100.mat,365,8000,32,99.6,Normal,Normal
100.mat,366,8000,32,99.6,Normal,Normal
100.mat,367,8000,32,99.6,Normal,Normal
100.mat,368,8000,32,99.6,Normal,Normal
100.mat,369,8000,32,99.6,Normal,Normal
100.mat,370,8000,32,99.6,Normal,Normal
100.mat,371,8000,32,99.6,Normal,Normal
100.mat,372,8000,32,99.6,Normal,Normal
100.mat,373,8000,32,99.6,Normal,Normal
100.mat,374,8000,32,99.6,Normal,Normal
100.mat,375,8000,32,99.6,Normal,Normal
100.mat,376,8000,32,99.6,Normal,Normal
100.mat,377,8000,32,99.6,Normal,Normal
100.mat,378,8000,32,99.6,Normal,Normal
100.mat,379,8000,32,99.6,Normal,Normal
100.mat,380,8000,32,99.6,Normal,Normal
100.mat,381,8000,32,99.6,Normal,Normal
100.mat,382,8000,32,99.6,Normal,Normal
100.mat,383,8000,32,99.6,Normal,Normal
100.mat,384,8000,32,99.6,Normal,Normal
100.mat,385,8000,32,99.6,Normal,Normal
100.mat,386,8000,32,99.6,Normal,Normal
100.mat,387,8000,32,99.6,Normal,Normal
100.mat,388,8000,32,99.6,Normal,Normal
100.mat,389,8000,32,99.6,Normal,Normal
100.mat,390,8000,32,99.6,Normal,Normal
100.mat,391,8000,32,99.6,Normal,Normal
100.mat,392,8000,32,99.6,Normal,Normal
100.mat,393,8000,32,99.6,Normal,Normal
100.mat,394,8000,32,99.6,Normal,Normal
100.mat,395,8000,32,99.6,Normal,Normal
100.mat,396,8000,32,99.6,Normal,Normal
100.mat,397,8000,32,99.6,Normal,Normal
100.mat,398,8000,32,99.6,Normal,Normal
100.mat,399,8000,32,99.6,Normal,Normal
100.mat,400,8000,32,99.6,Normal,Normal
100.mat,401,8000,32,99.6,Normal,Normal
100.mat,402,8000,32,99.6,Normal,Normal
100.mat,403,8000,32,99.6,Normal,Normal
100.mat,404,8000,32,99.6,Normal,Normal
100.mat,405,8000,32,99.6,Normal,Normal
100.mat,406,8000,32,99.6,Normal,Normal
100.mat,407,8000,32,99.6,Normal,Normal
100.mat,408,8000,32,99.6,Normal,Normal
100.mat,409,8000,32,99.6,Normal,Normal
100.mat,410,8000,32,99.6,Normal,Normal
100.mat,411,8000,32,99.6,Normal,Normal
100.mat,412,8000,32,99.6,Normal,Normal
100.mat,413,8000,32,99.6,Normal,Normal
100.mat,414,8000,32,99.6,Normal,Normal
100.mat,415,8000,32,99.6,Normal,Normal
100.mat,416,8000,32,99.6,Normal,Normal
100.mat,417,8000,32,99.6,Normal,Normal
100.mat,418,8000,32,99.6,Normal,Normal
100.mat,419,8000,32,99.6,Normal,Normal
100.mat,420,8000,32,99.6,Normal,Normal
100.mat,421,8000,32,99.6,Normal,Normal
100.mat,422,8000,32,99.6,Normal,Normal
100.mat,423,8000,32,99.6,Normal,Normal
100.mat,424,8000,32,99.6,Normal,Normal
100.mat,425,8000,32,99.6,Normal,Normal
100.mat,426,8000,32,99.6,Normal,Normal
100.mat,427,8000,32,99.6,Normal,Normal
100.mat,428,8000,32,99.6,Normal,Normal
100.mat,429,8000,32,99.6,Normal,Normal
100.mat,430,8000,32,99.6,Normal,Normal
100.mat,431,8000,32,99.6,Normal,Normal
100.mat,432,8000,32,99.6,Normal,Normal
100.mat,433,8000,32,99.6,Normal,Normal
100.mat,434,8000,32,99.6,Normal,Normal
100.mat,435,8000,32,99.6,Normal,Normal
100.mat,436,8000,32,99.6,Normal,Normal
100.mat,437,8000,32,99.6,Normal,Normal
100.mat,438,8000,32,99.6,Normal,Normal
100.mat,439,8000,32,99.6,Normal,Normal
100.mat,440,8000,32,99.6,Normal,Normal
100.mat,441,8000,32,99.6,Normal,Normal
100.mat,442,8000,32,99.6,Normal,Normal
100.mat,443,8000,32,99.6,Normal,Normal
100.mat,444,8000,32,99.6,Normal,Normal
100.mat,445,8000,32,99.6,Normal,Normal
100.mat,446,8000,32,99.6,Normal,Normal
100.mat,447,8000,32,99.6,Normal,Normal
100.mat,448,8000,32,99.6,Normal,Normal
100.mat,449,8000,32,99.6,Normal,Normal
100.mat,450,8000,32,99.6,Normal,Normal
100.mat,451,8000,32,99.6,Normal,Normal
100.mat,452,8000,32,99.6,Normal,Normal
100.mat,453,8000,32,99.6,Normal,Normal
100.mat,454,8000,32,99.6,Normal,Normal
100.mat,455,8000,32,99.6,Normal,Normal
100.mat,456,8000,32,99.6,Normal,Normal
100.mat,457,8000,32,99.6,Normal,Normal
100.mat,458,8000,32,99.6,Normal,Normal
100.mat,459,8000,32,99.6,Normal,Normal
100.mat,460,8000,32,99.6,Normal,Normal
100.mat,461,8000,32,99.6,Normal,Normal
100.mat,462,8000,32,99.6,Normal,Normal
100.mat,463,8000,32,99.6,Normal,Normal
100.mat,464,8000,32,99.6,Normal,Normal
100.mat,465,8000,32,99.6,Normal,Normal
100.mat,466,8000,32,99.6,Normal,Normal
100.mat,467,8000,32,99.6,Normal,Normal
100.mat,468,8000,32,99.6,Normal,Normal
100.mat,469,8000,32,99.6,Normal,Normal
100.mat,470,8000,32,99.6,Normal,Normal
100.mat,471,8000,32,99.6,Normal,Normal
100.mat,472,8000,32,99.6,Normal,Normal
100.mat,473,8000,32,99.6,Normal,Normal
100.mat,474,8000,32,99.6,Normal,Normal
100.mat,475,8000,32,99.6,Normal,Normal
100.mat,476,8000,32,99.6,Normal,Normal
100.mat,477,8000,32,99.6,Normal,Normal
100.mat,478,8000,32,99.6,Normal,Normal
100.mat,479,8000,32,99.6,Normal,Normal
100.mat,480,8000,32,99.6,Normal,Normal
100.mat,481,8000,32,99.6,Normal,Normal
100.mat,482,8000,32,99.6,Normal,Normal
100.mat,483,8000,32,99.6,Normal,Normal
100.mat,484,8000,32,99.6,Normal,Normal
100.mat,485,8000,32,99.6,Normal,Normal
107.mat,1,8000,32,99.6,Inner_Race,Inner_Race
107.mat,2,8000,32,99.6,Inner_Race,Inner_Race
107.mat,3,8000,32,99.6,Inner_Race,Inner_Race
107.mat,4,8000,32,99.6,Inner_Race,Inner_Race
107.mat,5,8000,32,99.6,Inner_Race,Inner_Race
107.mat,6,8000,32,99.6,Inner_Race,Inner_Race
107.mat,7,8000,32,99.6,Inner_Race,Inner_Race
107.mat,8,8000,32,99.6,Inner_Race,Inner_Race
107.mat,9,8000,32,99.6,Inner_Race,Inner_Race
107.mat,10,8000,32,99.6,Inner_Race,Inner_Race
107.mat,11,8000,32,99.6,Inner_Race,Inner_Race
107.mat,12,8000,32,99.6,Inner_Race,Inner_Race
107.mat,13,8000,32,99.6,Inner_Race,Inner_Race
107.mat,14,8000,32,99.6,Inner_Race,Inner_Race
107.mat,15,8000,32,99.6,Inner_Race,Inner_Race
107.mat,16,8000,32,99.6,Inner_Race,Inner_Race
107.mat,17,8000,32,99.6,Inner_Race,Inner_Race
107.mat,18,8000,32,99.6,Inner_Race,Inner_Race
107.mat,19,8000,32,99.6,Inner_Race,Inner_Race
107.mat,20,8000,32,99.6,Inner_Race,Inner_Race
107.mat,21,8000,32,99.6,Inner_Race,Inner_Race
107.mat,22,8000,32,99.6,Inner_Race,Inner_Race
107.mat,23,8000,32,99.6,Inner_Race,Inner_Race
107.mat,24,8000,32,99.6,Inner_Race,Inner_Race
107.mat,25,8000,32,99.6,Inner_Race,Inner_Race
107.mat,26,8000,32,99.6,Inner_Race,Inner_Race
107.mat,27,8000,32,99.6,Inner_Race,Inner_Race
107.mat,28,8000,32,99.6,Inner_Race,Inner_Race
107.mat,29,8000,32,99.6,Inner_Race,Inner_Race
107.mat,30,8000,32,99.6,Inner_Race,Inner_Race
107.mat,31,8000,32,99.6,Inner_Race,Inner_Race
107.mat,32,8000,32,99.6,Inner_Race,Inner_Race
107.mat,33,8000,32,99.6,Inner_Race,Inner_Race
107.mat,34,8000,32,99.6,Inner_Race,Inner_Race
107.mat,35,8000,32,99.6,Inner_Race,Inner_Race
107.mat,36,8000,32,99.6,Inner_Race,Inner_Race
107.mat,37,8000,32,99.6,Inner_Race,Inner_Race
107.mat,38,8000,32,99.6,Inner_Race,Inner_Race
107.mat,39,8000,32,99.6,Inner_Race,Inner_Race
107.mat,40,8000,32,99.6,Inner_Race,Inner_Race
107.mat,41,8000,32,99.6,Inner_Race,Inner_Race
107.mat,42,8000,32,99.6,Inner_Race,Inner_Race
107.mat,43,8000,32,99.6,Inner_Race,Inner_Race
107.mat,44,8000,32,99.6,Inner_Race,Inner_Race
107.mat,45,8000,32,99.6,Inner_Race,Inner_Race
107.mat,46,8000,32,99.6,Inner_Race,Inner_Race
107.mat,47,8000,32,99.6,Inner_Race,Inner_Race
107.mat,48,8000,32,99.6,Inner_Race,Inner_Race
107.mat,49,8000,32,99.6,Inner_Race,Inner_Race
107.mat,50,8000,32,99.6,Inner_Race,Inner_Race
107.mat,51,8000,32,99.6,Inner_Race,Inner_Race
107.mat,52,8000,32,99.6,Inner_Race,Inner_Race
107.mat,53,8000,32,99.6,Inner_Race,Inner_Race
107.mat,54,8000,32,99.6,Inner_Race,Inner_Race
107.mat,55,8000,32,99.6,Inner_Race,Inner_Race
107.mat,56,8000,32,99.6,Inner_Race,Inner_Race
107.mat,57,8000,32,99.6,Inner_Race,Inner_Race
107.mat,58,8000,32,99.6,Inner_Race,Inner_Race
107.mat,59,8000,32,99.6,Inner_Race,Inner_Race
107.mat,60,8000,32,99.6,Inner_Race,Inner_Race
107.mat,61,8000,32,99.6,Inner_Race,Inner_Race
107.mat,62,8000,32,99.6,Inner_Race,Inner_Race
107.mat,63,8000,32,99.6,Inner_Race,Inner_Race
107.mat,64,8000,32,99.6,Inner_Race,Inner_Race
107.mat,65,8000,32,99.6,Inner_Race,Inner_Race
107.mat,66,8000,32,99.6,Inner_Race,Inner_Race
107.mat,67,8000,32,99.6,Inner_Race,Inner_Race
107.mat,68,8000,32,99.6,Inner_Race,Inner_Race
107.mat,69,8000,32,99.6,Inner_Race,Inner_Race
107.mat,70,8000,32,99.6,Inner_Race,Inner_Race
107.mat,71,8000,32,99.6,Inner_Race,Inner_Race
107.mat,72,8000,32,99.6,Inner_Race,Inner_Race
107.mat,73,8000,32,99.6,Inner_Race,Inner_Race
107.mat,74,8000,32,99.6,Inner_Race,Inner_Race
107.mat,75,8000,32,99.6,Inner_Race,Inner_Race
107.mat,76,8000,32,99.6,Inner_Race,Inner_Race
107.mat,77,8000,32,99.6,Inner_Race,Inner_Race
107.mat,78,8000,32,99.6,Inner_Race,Inner_Race
107.mat,79,8000,32,99.6,Inner_Race,Inner_Race
107.mat,80,8000,32,99.6,Inner_Race,Inner_Race
107.mat,81,8000,32,99.6,Inner_Race,Inner_Race
107.mat,82,8000,32,99.6,Inner_Race,Inner_Race
107.mat,83,8000,32,99.6,Inner_Race,Inner_Race
107.mat,84,8000,32,99.6,Inner_Race,Inner_Race
107.mat,85,8000,32,99.6,Inner_Race,Inner_Race
107.mat,86,8000,32,99.6,Inner_Race,Inner_Race
107.mat,87,8000,32,99.6,Inner_Race,Inner_Race
107.mat,88,8000,32,99.6,Inner_Race,Inner_Race
107.mat,89,8000,32,99.6,Inner_Race,Inner_Race
107.mat,90,8000,32,99.6,Inner_Race,Inner_Race
107.mat,91,8000,32,99.6,Inner_Race,Inner_Race
107.mat,92,8000,32,99.6,Inner_Race,Inner_Race
107.mat,93,8000,32,99.6,Inner_Race,Inner_Race
107.mat,94,8000,32,99.6,Inner_Race,Inner_Race
107.mat,95,8000,32,99.6,Inner_Race,Inner_Race
107.mat,96,8000,32,99.6,Inner_Race,Inner_Race
107.mat,97,8000,32,99.6,Inner_Race,Inner_Race
107.mat,98,8000,32,99.6,Inner_Race,Inner_Race
107.mat,99,8000,32,99.6,Inner_Race,Inner_Race
107.mat,100,8000,32,99.6,Inner_Race,Inner_Race
107.mat,101,8000,32,99.6,Inner_Race,Inner_Race
107.mat,102,8000,32,99.6,Inner_Race,Inner_Race
107.mat,103,8000,32,99.6,Inner_Race,Inner_Race
107.mat,104,8000,32,99.6,Inner_Race,Inner_Race
107.mat,105,8000,32,99.6,Inner_Race,Inner_Race
107.mat,106,8000,32,99.6,Inner_Race,Inner_Race
107.mat,107,8000,32,99.6,Inner_Race,Inner_Race
107.mat,108,8000,32,99.6,Inner_Race,Inner_Race
107.mat,109,8000,32,99.6,Inner_Race,Inner_Race
107.mat,110,8000,32,99.6,Inner_Race,Inner_Race
107.mat,111,8000,32,99.6,Inner_Race,Inner_Race
107.mat,112,8000,32,99.6,Inner_Race,Inner_Race
107.mat,113,8000,32,99.6,Inner_Race,Inner_Race
107.mat,114,8000,32,99.6,Inner_Race,Inner_Race
107.mat,115,8000,32,99.6,Inner_Race,Inner_Race
107.mat,116,8000,32,99.6,Inner_Race,Inner_Race
107.mat,117,8000,32,99.6,Inner_Race,Inner_Race
107.mat,118,8000,32,99.6,Inner_Race,Inner_Race
107.mat,119,8000,32,99.6,Inner_Race,Inner_Race
107.mat,120,8000,32,99.6,Inner_Race,Inner_Race
107.mat,121,8000,32,99.6,Inner_Race,Inner_Race
107.mat,122,8000,32,99.6,Inner_Race,Inner_Race
119.mat,1,8000,32,99.6,Ball,Ball
119.mat,2,8000,32,99.6,Ball,Ball
119.mat,3,8000,32,99.6,Ball,Ball
119.mat,4,8000,32,99.6,Ball,Ball
119.mat,5,8000,32,99.6,Ball,Ball
119.mat,6,8000,32,99.6,Ball,Ball
119.mat,7,8000,32,99.6,Ball,Ball
119.mat,8,8000,32,99.6,Ball,Ball
119.mat,9,8000,32,99.6,Ball,Ball
119.mat,10,8000,32,99.6,Ball,Ball
119.mat,11,8000,32,99.6,Ball,Ball
119.mat,12,8000,32,99.6,Ball,Ball
119.mat,13,8000,32,99.6,Ball,Ball
119.mat,14,8000,32,99.6,Ball,Ball
119.mat,15,8000,32,99.6,Ball,Ball
119.mat,16,8000,32,99.6,Ball,Ball
119.mat,17,8000,32,99.6,Ball,Ball
119.mat,18,8000,32,99.6,Ball,Ball
119.mat,19,8000,32,99.6,Ball,Ball
119.mat,20,8000,32,99.6,Ball,Ball
119.mat,21,8000,32,99.6,Ball,Ball
119.mat,22,8000,32,99.6,Ball,Ball
119.mat,23,8000,32,99.6,Ball,Ball
119.mat,24,8000,32,99.6,Ball,Ball
119.mat,25,8000,32,99.6,Ball,Ball
119.mat,26,8000,32,99.6,Ball,Ball
119.mat,27,8000,32,99.6,Ball,Ball
119.mat,28,8000,32,99.6,Ball,Ball
119.mat,29,8000,32,99.6,Ball,Ball
119.mat,30,8000,32,99.6,Ball,Ball
119.mat,31,8000,32,99.6,Ball,Ball
119.mat,32,8000,32,99.6,Ball,Ball
119.mat,33,8000,32,99.6,Ball,Ball
119.mat,34,8000,32,99.6,Ball,Ball
119.mat,35,8000,32,99.6,Ball,Ball
119.mat,36,8000,32,99.6,Ball,Ball
119.mat,37,8000,32,99.6,Ball,Ball
119.mat,38,8000,32,99.6,Ball,Ball
119.mat,39,8000,32,99.6,Ball,Ball
119.mat,40,8000,32,99.6,Ball,Ball
119.mat,41,8000,32,99.6,Ball,Ball
119.mat,42,8000,32,99.6,Ball,Ball
119.mat,43,8000,32,99.6,Ball,Ball
119.mat,44,8000,32,99.6,Ball,Ball
119.mat,45,8000,32,99.6,Ball,Ball
119.mat,46,8000,32,99.6,Ball,Ball
119.mat,47,8000,32,99.6,Ball,Ball
119.mat,48,8000,32,99.6,Ball,Ball
119.mat,49,8000,32,99.6,Ball,Ball
119.mat,50,8000,32,99.6,Ball,Ball
119.mat,51,8000,32,99.6,Ball,Ball
119.mat,52,8000,32,99.6,Ball,Ball
119.mat,53,8000,32,99.6,Ball,Ball
119.mat,54,8000,32,99.6,Ball,Ball
119.mat,55,8000,32,99.6,Ball,Ball
119.mat,56,8000,32,99.6,Ball,Ball
119.mat,57,8000,32,99.6,Ball,Ball
119.mat,58,8000,32,99.6,Ball,Ball
119.mat,59,8000,32,99.6,Ball,Ball
119.mat,60,8000,32,99.6,Ball,Ball
119.mat,61,8000,32,99.6,Ball,Ball
119.mat,62,8000,32,99.6,Ball,Ball
119.mat,63,8000,32,99.6,Ball,Ball
119.mat,64,8000,32,99.6,Ball,Ball
119.mat,65,8000,32,99.6,Ball,Ball
119.mat,66,8000,32,99.6,Ball,Ball
119.mat,67,8000,32,99.6,Ball,Ball
119.mat,68,8000,32,99.6,Ball,Ball
119.mat,69,8000,32,99.6,Ball,Ball
119.mat,70,8000,32,99.6,Ball,Ball
119.mat,71,8000,32,99.6,Ball,Ball
119.mat,72,8000,32,99.6,Ball,Ball
119.mat,73,8000,32,99.6,Ball,Ball
119.mat,74,8000,32,99.6,Ball,Ball
119.mat,75,8000,32,99.6,Ball,Ball
119.mat,76,8000,32,99.6,Ball,Ball
119.mat,77,8000,32,99.6,Ball,Ball
119.mat,78,8000,32,99.6,Ball,Ball
119.mat,79,8000,32,99.6,Ball,Ball
119.mat,80,8000,32,99.6,Ball,Ball
119.mat,81,8000,32,99.6,Ball,Ball
119.mat,82,8000,32,99.6,Ball,Ball
119.mat,83,8000,32,99.6,Ball,Ball
119.mat,84,8000,32,99.6,Ball,Ball
119.mat,85,8000,32,99.6,Ball,Ball
119.mat,86,8000,32,99.6,Ball,Ball
119.mat,87,8000,32,99.6,Ball,Ball
119.mat,88,8000,32,99.6,Ball,Ball
119.mat,89,8000,32,99.6,Ball,Ball
119.mat,90,8000,32,99.6,Ball,Ball
119.mat,91,8000,32,99.6,Ball,Ball
119.mat,92,8000,32,99.6,Ball,Ball
119.mat,93,8000,32,99.6,Ball,Ball
119.mat,94,8000,32,99.6,Ball,Ball
119.mat,95,8000,32,99.6,Ball,Ball
119.mat,96,8000,32,99.6,Ball,Ball
119.mat,97,8000,32,99.6,Ball,Ball
119.mat,98,8000,32,99.6,Ball,Ball
119.mat,99,8000,32,99.6,Ball,Ball
119.mat,100,8000,32,99.6,Ball,Ball
119.mat,101,8000,32,99.6,Ball,Ball
119.mat,102,8000,32,99.6,Ball,Ball
119.mat,103,8000,32,99.6,Ball,Ball
119.mat,104,8000,32,99.6,Ball,Ball
119.mat,105,8000,32,99.6,Ball,Ball
119.mat,106,8000,32,99.6,Ball,Ball
119.mat,107,8000,32,99.6,Ball,Ball
119.mat,108,8000,32,99.6,Ball,Ball
119.mat,109,8000,32,99.6,Ball,Ball
119.mat,110,8000,32,99.6,Ball,Ball
119.mat,111,8000,32,99.6,Ball,Ball
119.mat,112,8000,32,99.6,Ball,Ball
119.mat,113,8000,32,99.6,Ball,Ball
119.mat,114,8000,32,99.6,Ball,Ball
119.mat,115,8000,32,99.6,Ball,Ball
119.mat,116,8000,32,99.6,Ball,Ball
119.mat,117,8000,32,99.6,Ball,Ball
119.mat,118,8000,32,99.6,Ball,Ball
119.mat,119,8000,32,99.6,Ball,Ball
119.mat,120,8000,32,99.6,Ball,Ball
119.mat,121,8000,32,99.6,Ball,Ball
130.mat,1,8000,32,99.6,Outer_Race,Outer_Race
130.mat,2,8000,32,99.6,Outer_Race,Outer_Race
130.mat,3,8000,32,99.6,Outer_Race,Outer_Race
130.mat,4,8000,32,99.6,Outer_Race,Outer_Race
130.mat,5,8000,32,99.6,Outer_Race,Outer_Race
130.mat,6,8000,32,99.6,Outer_Race,Outer_Race
130.mat,7,8000,32,99.6,Outer_Race,Outer_Race
130.mat,8,8000,32,99.6,Outer_Race,Outer_Race
130.mat,9,8000,32,99.6,Outer_Race,Outer_Race
130.mat,10,8000,32,99.6,Outer_Race,Outer_Race
130.mat,11,8000,32,99.6,Outer_Race,Outer_Race
130.mat,12,8000,32,99.6,Outer_Race,Outer_Race
130.mat,13,8000,32,99.6,Outer_Race,Outer_Race
130.mat,14,8000,32,99.6,Outer_Race,Outer_Race
130.mat,15,8000,32,99.6,Outer_Race,Outer_Race
130.mat,16,8000,32,99.6,Outer_Race,Outer_Race
130.mat,17,8000,32,99.6,Outer_Race,Outer_Race
130.mat,18,8000,32,99.6,Outer_Race,Outer_Race
130.mat,19,8000,32,99.6,Outer_Race,Outer_Race
130.mat,20,8000,32,99.6,Outer_Race,Outer_Race
130.mat,21,8000,32,99.6,Outer_Race,Outer_Race
130.mat,22,8000,32,99.6,Outer_Race,Outer_Race
130.mat,23,8000,32,99.6,Outer_Race,Outer_Race
130.mat,24,8000,32,99.6,Outer_Race,Outer_Race
130.mat,25,8000,32,99.6,Outer_Race,Outer_Race
130.mat,26,8000,32,99.6,Outer_Race,Outer_Race
130.mat,27,8000,32,99.6,Outer_Race,Outer_Race
130.mat,28,8000,32,99.6,Outer_Race,Outer_Race
130.mat,29,8000,32,99.6,Outer_Race,Outer_Race
130.mat,30,8000,32,99.6,Outer_Race,Outer_Race
130.mat,31,8000,32,99.6,Outer_Race,Outer_Race
130.mat,32,8000,32,99.6,Outer_Race,Outer_Race
130.mat,33,8000,32,99.6,Outer_Race,Outer_Race
130.mat,34,8000,32,99.6,Outer_Race,Outer_Race
130.mat,35,8000,32,99.6,Outer_Race,Outer_Race
130.mat,36,8000,32,99.6,Outer_Race,Outer_Race
130.mat,37,8000,32,99.6,Outer_Race,Outer_Race
130.mat,38,8000,32,99.6,Outer_Race,Outer_Race
130.mat,39,8000,32,99.6,Outer_Race,Outer_Race
130.mat,40,8000,32,99.6,Outer_Race,Outer_Race
130.mat,41,8000,32,99.6,Outer_Race,Outer_Race
130.mat,42,8000,32,99.6,Outer_Race,Outer_Race
130.mat,43,8000,32,99.6,Outer_Race,Outer_Race
130.mat,44,8000,32,99.6,Outer_Race,Outer_Race
130.mat,45,8000,32,99.6,Outer_Race,Outer_Race
130.mat,46,8000,32,99.6,Outer_Race,Outer_Race
130.mat,47,8000,32,99.6,Outer_Race,Outer_Race
130.mat,48,8000,32,99.6,Outer_Race,Outer_Race
130.mat,49,8000,32,99.6,Outer_Race,Outer_Race
130.mat,50,8000,32,99.6,Outer_Race,Outer_Race
130.mat,51,8000,32,99.6,Outer_Race,Outer_Race
130.mat,52,8000,32,99.6,Outer_Race,Outer_Race
130.mat,53,8000,32,99.6,Outer_Race,Outer_Race
130.mat,54,8000,32,99.6,Outer_Race,Outer_Race
130.mat,55,8000,32,99.6,Outer_Race,Outer_Race
130.mat,56,8000,32,99.6,Outer_Race,Outer_Race
130.mat,57,8000,32,99.6,Outer_Race,Outer_Race
130.mat,58,8000,32,99.6,Outer_Race,Outer_Race
130.mat,59,8000,32,99.6,Outer_Race,Outer_Race
130.mat,60,8000,32,99.6,Outer_Race,Outer_Race
130.mat,61,8000,32,99.6,Outer_Race,Outer_Race
130.mat,62,8000,32,99.6,Outer_Race,Outer_Race
130.mat,63,8000,32,99.6,Outer_Race,Outer_Race
130.mat,64,8000,32,99.6,Outer_Race,Outer_Race
130.mat,65,8000,32,99.6,Outer_Race,Outer_Race
130.mat,66,8000,32,99.6,Outer_Race,Outer_Race
130.mat,67,8000,32,99.6,Outer_Race,Outer_Race
130.mat,68,8000,32,99.6,Outer_Race,Outer_Race
130.mat,69,8000,32,99.6,Outer_Race,Outer_Race
130.mat,70,8000,32,99.6,Outer_Race,Outer_Race
130.mat,71,8000,32,99.6,Outer_Race,Outer_Race
130.mat,72,8000,32,99.6,Outer_Race,Outer_Race
130.mat,73,8000,32,99.6,Outer_Race,Outer_Race
130.mat,74,8000,32,99.6,Outer_Race,Outer_Race
130.mat,75,8000,32,99.6,Outer_Race,Outer_Race
130.mat,76,8000,32,99.6,Outer_Race,Outer_Race
130.mat,77,8000,32,99.6,Outer_Race,Outer_Race
130.mat,78,8000,32,99.6,Outer_Race,Outer_Race
130.mat,79,8000,32,99.6,Outer_Race,Outer_Race
130.mat,80,8000,32,99.6,Outer_Race,Outer_Race
130.mat,81,8000,32,99.6,Outer_Race,Outer_Race
130.mat,82,8000,32,99.6,Outer_Race,Outer_Race
130.mat,83,8000,32,99.6,Outer_Race,Outer_Race
130.mat,84,8000,32,99.6,Outer_Race,Outer_Race
130.mat,85,8000,32,99.6,Outer_Race,Outer_Race
130.mat,86,8000,32,99.6,Outer_Race,Outer_Race
130.mat,87,8000,32,99.6,Outer_Race,Outer_Race
130.mat,88,8000,32,99.6,Outer_Race,Outer_Race
130.mat,89,8000,32,99.6,Outer_Race,Outer_Race
130.mat,90,8000,32,99.6,Outer_Race,Outer_Race
130.mat,91,8000,32,99.6,Outer_Race,Outer_Race
130.mat,92,8000,32,99.6,Outer_Race,Outer_Race
130.mat,93,8000,32,99.6,Outer_Race,Outer_Race
130.mat,94,8000,32,99.6,Outer_Race,Outer_Race
130.mat,95,8000,32,99.6,Outer_Race,Outer_Race
130.mat,96,8000,32,99.6,Outer_Race,Outer_Race
130.mat,97,8000,32,99.6,Outer_Race,Outer_Race
130.mat,98,8000,32,99.6,Outer_Race,Outer_Race
130.mat,99,8000,32,99.6,Outer_Race,Outer_Race
130.mat,100,8000,32,99.6,Outer_Race,Outer_Race
130.mat,101,8000,32,99.6,Outer_Race,Outer_Race
130.mat,102,8000,32,99.6,Outer_Race,Outer_Race
130.mat,103,8000,32,99.6,Outer_Race,Outer_Race
130.mat,104,8000,32,99.6,Outer_Race,Outer_Race
130.mat,105,8000,32,99.6,Outer_Race,Outer_Race
130.mat,106,8000,32,99.6,Outer_Race,Outer_Race
130.mat,107,8000,32,99.6,Outer_Race,Outer_Race
130.mat,108,8000,32,99.6,Outer_Race,Outer_Race
130.mat,109,8000,32,99.6,Outer_Race,Outer_Race
130.mat,110,8000,32,99.6,Outer_Race,Outer_Race
130.mat,111,8000,32,99.6,Outer_Race,Outer_Race
130.mat,112,8000,32,99.6,Outer_Race,Outer_Race
130.mat,113,8000,32,99.6,Outer_Race,Outer_Race
130.mat,114,8000,32,99.6,Outer_Race,Outer_Race
130.mat,115,8000,32,99.6,Outer_Race,Outer_Race
130.mat,116,8000,32,99.6,Outer_Race,Outer_Race
130.mat,117,8000,32,99.6,Outer_Race,Outer_Race
130.mat,118,8000,32,99.6,Outer_Race,Outer_Race
130.mat,119,8000,32,99.6,Outer_Race,Outer_Race
130.mat,120,8000,32,99.6,Outer_Race,Outer_Race
130.mat,121,8000,32,99.6,Outer_Race,Outer_Race
